id,department_code,department_name,is_active
0770860a-2b58-4f69-aa68-d0cc7d7d3012,IT01,IT,True
8e67a935-d9f0-4577-90b5-d0d0fa2f4bab,FIN02,Finance,True
16150621-7cec-4b0b-9778-0f3ff2ae42e1,CUS03,Customer Support,True
1045f474-caec-4cf8-9cb3-f6ff4481e6f4,ENG04,Engineering,True
1a9e7efd-d15b-48db-b9eb-350930cfcf82,MAR05,Marketing,True
5a4173de-a8b0-4082-8d02-941c2ec3aab1,HR06,HR,True
eaf4a20e-e688-4807-ad47-78566d866bd3,OPE07,Operations,True
d5d7b410-af1d-4b92-9f03-c8ba7a9524ce,SAL08,Sales,True
b19c0c70-9781-4403-8d2f-73edfa608282,LEG09,Legal,True
